{"cameraMode":{"drawMode":0,"name":"Shaded","section":"Shading Mode"},"sceneLighting":false,"audioPlay":false,"sceneViewState":{"m_AlwaysRefresh":false,"showFog":true,"showSkybox":false,"showFlares":true,"showImageEffects":true,"showParticleSystems":true,"showVisualEffectGraphs":true,"m_FxEnabled":true},"in2DMode":false,"pivot":{"x":31.08405303955078,"y":0.7518205046653748,"z":7.941039085388184},"rotation":{"x":0.021626461297273637,"y":-0.3282914459705353,"z":-0.0054046534933149818,"w":-0.9449403285980225},"size":0.7203509211540222,"orthographic":false}