{"cameraMode":{"drawMode":0,"name":"Shaded","section":"Shading Mode"},"sceneLighting":false,"audioPlay":false,"sceneViewState":{"m_AlwaysRefresh":false,"showFog":false,"showSkybox":false,"showFlares":false,"showImageEffects":false,"showParticleSystems":false,"showVisualEffectGraphs":true,"m_FxEnabled":true},"in2DMode":false,"pivot":{"x":0.06210899353027344,"y":1.7491652965545655,"z":0.32658839225769045},"rotation":{"x":0.15049870312213899,"y":-0.41740232706069949,"z":0.07017931342124939,"w":0.8935999870300293},"size":4.332247257232666,"orthographic":false}