{"cameraMode":{"drawMode":0,"name":"Shaded","section":"Shading Mode"},"sceneLighting":true,"audioPlay":false,"sceneViewState":{"m_AlwaysRefresh":false,"showFog":true,"showSkybox":true,"showFlares":true,"showImageEffects":true,"showParticleSystems":true,"showVisualEffectGraphs":true,"m_FxEnabled":true},"in2DMode":false,"pivot":{"x":26.942075729370118,"y":-2.370331287384033,"z":13.99730110168457},"rotation":{"x":0.2204137146472931,"y":0.031096789985895158,"z":-0.006750865373760462,"w":0.9750427603721619},"size":4.742674827575684,"orthographic":false}