{"cameraMode":{"drawMode":0,"name":"Shaded","section":"Shading Mode"},"sceneLighting":true,"audioPlay":false,"sceneViewState":{"m_AlwaysRefresh":false,"showFog":true,"showSkybox":true,"showFlares":true,"showImageEffects":true,"showParticleSystems":true,"showVisualEffectGraphs":true,"m_FxEnabled":true},"in2DMode":false,"pivot":{"x":28.76738166809082,"y":0.9422231316566467,"z":2.202702760696411},"rotation":{"x":0.027146054431796075,"y":0.9535013437271118,"z":-0.08914622664451599,"w":0.2870835065841675},"size":1.5347670316696168,"orthographic":false}