{"cameraMode":{"drawMode":0,"name":"Shaded","section":"Shading Mode"},"sceneLighting":true,"audioPlay":false,"sceneViewState":{"m_AlwaysRefresh":false,"showFog":true,"showSkybox":true,"showFlares":true,"showImageEffects":true,"showParticleSystems":true,"showVisualEffectGraphs":true,"m_FxEnabled":true},"in2DMode":false,"pivot":{"x":28.181453704833986,"y":-3.4191317558288576,"z":22.904752731323243},"rotation":{"x":-0.11102186888456345,"y":-0.03188180923461914,"z":0.0035660648718476297,"w":-0.993294358253479},"size":11.130135536193848,"orthographic":false}