{"cameraMode":{"drawMode":0,"name":"Shaded","section":"Shading Mode"},"sceneLighting":true,"audioPlay":false,"sceneViewState":{"m_AlwaysRefresh":false,"showFog":true,"showSkybox":true,"showFlares":true,"showImageEffects":true,"showParticleSystems":true,"showVisualEffectGraphs":true,"m_FxEnabled":true},"in2DMode":false,"pivot":{"x":28.43832778930664,"y":-8.216570854187012,"z":19.429445266723634},"rotation":{"x":0.24884667992591859,"y":0.12863391637802125,"z":-0.03372218459844589,"w":0.9595104455947876},"size":11.34641170501709,"orthographic":false}