{"cameraMode":{"drawMode":0,"name":"Shaded","section":"Shading Mode"},"sceneLighting":true,"audioPlay":false,"sceneViewState":{"m_AlwaysRefresh":false,"showFog":true,"showSkybox":true,"showFlares":true,"showImageEffects":true,"showParticleSystems":true,"showVisualEffectGraphs":true,"m_FxEnabled":true},"in2DMode":false,"pivot":{"x":33.13873291015625,"y":0.8265658020973206,"z":23.062013626098634},"rotation":{"x":-0.00326539040543139,"y":-0.16186939179897309,"z":0.0005381111986935139,"w":-0.9868024587631226},"size":11.130135536193848,"orthographic":false}