{"cameraMode":{"drawMode":0,"name":"Shaded","section":"Shading Mode"},"sceneLighting":false,"audioPlay":false,"sceneViewState":{"m_AlwaysRefresh":false,"showFog":false,"showSkybox":false,"showFlares":false,"showImageEffects":false,"showParticleSystems":false,"showVisualEffectGraphs":true,"m_FxEnabled":true},"in2DMode":false,"pivot":{"x":-0.02833014726638794,"y":0.4269384741783142,"z":-0.003536224365234375},"rotation":{"x":-0.029679059982299806,"y":-0.950565755367279,"z":0.09773045778274536,"w":-0.29361721873283389},"size":1.65472412109375,"orthographic":false}