{"cameraMode":{"drawMode":0,"name":"Shaded","section":"Shading Mode"},"sceneLighting":false,"audioPlay":false,"sceneViewState":{"m_AlwaysRefresh":false,"showFog":false,"showSkybox":false,"showFlares":false,"showImageEffects":false,"showParticleSystems":false,"showVisualEffectGraphs":true,"m_FxEnabled":true},"in2DMode":false,"pivot":{"x":-0.07296362519264221,"y":0.6810891032218933,"z":0.1391962319612503},"rotation":{"x":-0.014429904520511628,"y":0.9769865870475769,"z":-0.20090432465076447,"w":-0.07016876339912415},"size":1.1017528772354127,"orthographic":false}